{"sections":{"cart-items":{"type":"main-cart-items","custom_css":[".cart__empty-text {font-size: 20px; color: #1c4444; font-weight: 600; margin-bottom: 12px;}",".cart__empty-button {background-color: #1c4444; color: #fff !important; padding: 12px 24px; font-weight: 500; border-radius: 8px; text-transform: uppercase;}"],"settings":{"color_scheme":"scheme-1","padding_top":36,"padding_bottom":36}},"cart-footer":{"type":"main-cart-footer","blocks":{"subtotal":{"type":"subtotal","settings":{}},"buttons":{"type":"buttons","settings":{}}},"block_order":["subtotal","buttons"],"settings":{"color_scheme":"scheme-1","padding_top":20,"padding_bottom":40}}},"order":["cart-items","cart-footer"]}