{"sections":{"banner":{"type":"main-collection-banner","custom_css":[".rich-text__text {text-align: center !important; width: 100%; display: flex; flex-direction: column; justify-content: center; padding: 0 5%; font-size: 15px; line-height: 1.6; color: #1c4444;}",".rich-text__blocks > *:not(:last-child) {margin-bottom: 1.2rem;}"],"settings":{"show_collection_description":true,"show_collection_image":true,"color_scheme":"scheme-1"}},"product-grid":{"type":"main-collection-product-grid","settings":{"products_per_page":16,"columns_desktop":4,"color_scheme":"scheme-1","image_ratio":"adapt","image_shape":"default","show_secondary_image":false,"show_vendor":false,"show_rating":false,"quick_add":"none","enable_filtering":true,"filter_type":"horizontal","enable_sorting":true,"columns_mobile":"2","padding_top":36,"padding_bottom":36}}},"order":["banner","product-grid"]}