{"sections":{"1739790744159d46d6":{"type":"apps","blocks":{"reelfy_videos_reelfy_section_mLXnE9":{"type":"shopify:\/\/apps\/reelfy-videos\/blocks\/reelfy-section\/4022ffb0-05c3-4ef3-a409-6df51f4b1b3f","settings":{"title":"","subtitle":"","heading_size":"1","heading_align":"center","heading_color":"","desc_style":"subtitle","desc_color":"","custom_class":"","background_color":"","padding_top":36,"padding_bottom":36,"padding_left_right":0}}},"block_order":["reelfy_videos_reelfy_section_mLXnE9"],"settings":{"include_margins":true}},"slideshow_NBTjr6":{"type":"slideshow","blocks":{"slide_gcdVBz":{"type":"slide","settings":{"image":"shopify:\/\/shop_images\/Ayonne_main_Carousel_13.png","heading":"","heading_size":"h1","subheading":"","button_label":"","link":"","button_style_secondary":false,"box_align":"top-center","show_text_box":false,"text_alignment":"center","image_overlay_opacity":0,"color_scheme":"scheme-1","text_alignment_mobile":"center"}},"slide_CQVRzB":{"type":"slide","settings":{"image":"shopify:\/\/shop_images\/Ayonne_main_Carousel_10.png","heading":"","heading_size":"h1","subheading":"","button_label":"","link":"","button_style_secondary":false,"box_align":"top-center","show_text_box":false,"text_alignment":"center","image_overlay_opacity":0,"color_scheme":"scheme-1","text_alignment_mobile":"center"}},"slide_DpJHEw":{"type":"slide","settings":{"image":"shopify:\/\/shop_images\/Ayonne_main_Carousel_9.png","heading":"","heading_size":"h1","subheading":"","button_label":"","link":"","button_style_secondary":false,"box_align":"top-center","show_text_box":false,"text_alignment":"center","image_overlay_opacity":0,"color_scheme":"scheme-1","text_alignment_mobile":"center"}},"slide_HLzGYq":{"type":"slide","settings":{"image":"shopify:\/\/shop_images\/Ayonne_main_Carousel_11.png","heading":"","heading_size":"h1","subheading":"","button_label":"","link":"","button_style_secondary":false,"box_align":"top-center","show_text_box":false,"text_alignment":"center","image_overlay_opacity":0,"color_scheme":"scheme-1","text_alignment_mobile":"center"}},"slide_tgpKUr":{"type":"slide","settings":{"image":"shopify:\/\/shop_images\/Ayonne_main_Carousel_12.png","heading":"","heading_size":"h1","subheading":"","button_label":"","link":"","button_style_secondary":false,"box_align":"top-center","show_text_box":false,"text_alignment":"center","image_overlay_opacity":0,"color_scheme":"","text_alignment_mobile":"center"}}},"block_order":["slide_gcdVBz","slide_CQVRzB","slide_DpJHEw","slide_HLzGYq","slide_tgpKUr"],"settings":{"layout":"grid","slide_height":"medium","slider_visual":"dots","auto_rotate":true,"change_slides_speed":5,"image_behavior":"none","show_text_below":true,"accessibility_info":""}},"rich_text_x4HfdM":{"type":"rich-text","blocks":{"heading_7CyhiA":{"type":"heading","settings":{"heading":"Transform your skincare routine with Ayonne anti-aging serums, designed to turn back time without compromising your values. Our cruelty-free formulas are packed with powerful, skin-loving ingredients to rejuvenate your complexion and smooth fine lines. Plus, we ship directly from North America for fast delivery, so glowing skin is just around the corner. It’s time to invest in a serum that’s as kind to animals as it is to your skin—why wait for perfect skin when it’s a serum away?","heading_size":"h2"}}},"block_order":["heading_7CyhiA"],"custom_css":[".custom-intro-heading {font-size: 32px; font-weight: 400; color: #1c4444; line-height: 1.5; max-width: 720px; margin: 0 auto;}"],"settings":{"desktop_content_position":"center","content_alignment":"center","color_scheme":"","full_width":false,"padding_top":40,"padding_bottom":52}},"slideshow_nBcH7C":{"type":"slideshow","blocks":{"slide_mtQMBR":{"type":"slide","settings":{"image":"shopify:\/\/shop_images\/Ayonne_Carosel_banners_35.png","heading":"","heading_size":"h1","subheading":"","button_label":"","link":"","button_style_secondary":false,"box_align":"middle-center","show_text_box":false,"text_alignment":"center","image_overlay_opacity":0,"color_scheme":"","text_alignment_mobile":"center"}},"slide_C9iztb":{"type":"slide","settings":{"image":"shopify:\/\/shop_images\/Ayonne_Carosel_banners_32.png","heading":"","heading_size":"h1","subheading":"","button_label":"","link":"","button_style_secondary":false,"box_align":"middle-center","show_text_box":false,"text_alignment":"center","image_overlay_opacity":0,"color_scheme":"scheme-1","text_alignment_mobile":"center"}},"slide_38CC3e":{"type":"slide","settings":{"image":"shopify:\/\/shop_images\/Ayonne_Carosel_banners_33.png","heading":"","heading_size":"h1","subheading":"","button_label":"","link":"","button_style_secondary":false,"box_align":"middle-center","show_text_box":false,"text_alignment":"center","image_overlay_opacity":0,"color_scheme":"scheme-1","text_alignment_mobile":"center"}}},"block_order":["slide_mtQMBR","slide_C9iztb","slide_38CC3e"],"disabled":true,"settings":{"layout":"grid","slide_height":"medium","slider_visual":"dots","auto_rotate":true,"change_slides_speed":5,"image_behavior":"none","show_text_below":true,"accessibility_info":"Slideshow about our brand"}},"featured_collection":{"type":"featured-collection","settings":{"title":"Biohack With Us And Age Smarter","heading_size":"h2","description":"","show_description":false,"description_style":"body","collection":"forever-young-the-anti-aging-heroes","products_to_show":4,"columns_desktop":4,"full_width":false,"show_view_all":true,"view_all_style":"solid","enable_desktop_slider":false,"color_scheme":"scheme-1","image_ratio":"adapt","image_shape":"default","show_secondary_image":true,"show_vendor":false,"show_rating":false,"quick_add":"none","columns_mobile":"2","swipe_on_mobile":false,"padding_top":44,"padding_bottom":36}},"featured_product_AXdaXh":{"type":"featured-product","blocks":{"text_DULyDC":{"type":"text","settings":{"text":"{{ section.settings.product.vendor }}","text_style":"uppercase"}},"title_7c6m76":{"type":"title","settings":{"heading_size":"h2"}},"price_p9rJmn":{"type":"price","settings":{}},"variant_picker_PjBamk":{"type":"variant_picker","settings":{"picker_type":"button","swatch_shape":"circle"}},"quantity_selector_kRWU8p":{"type":"quantity_selector","settings":{}},"buy_buttons_hDEmgR":{"type":"buy_buttons","settings":{"show_dynamic_checkout":false,"show_gift_card_recipient":true}}},"block_order":["text_DULyDC","title_7c6m76","price_p9rJmn","variant_picker_PjBamk","quantity_selector_kRWU8p","buy_buttons_hDEmgR"],"custom_css":["\/* Change \"View full details\" text color *\/.product__view-details {color: #1c4444 !important; \/* Change to a visible color *\/}"],"settings":{"product":"anti-aging-rose-gold-oil-1","color_scheme":"","secondary_background":false,"media_size":"medium","constrain_to_viewport":true,"media_fit":"contain","media_position":"left","image_zoom":"lightbox","hide_variants":false,"enable_video_looping":false,"padding_top":36,"padding_bottom":36}},"1744957282b45505a2":{"type":"apps","blocks":{"judge_me_reviews_featured_carousel_f6xECi":{"type":"shopify:\/\/apps\/judge-me-reviews\/blocks\/featured_carousel\/61ccd3b1-a9f2-4160-9fe9-4fec8413e5d8","settings":{"maxwidth":1080}}},"block_order":["judge_me_reviews_featured_carousel_f6xECi"],"settings":{"include_margins":true}},"1739800243c43ed4da":{"type":"apps","blocks":{"reelfy_videos_reelfy_stories_WyYNLK":{"type":"shopify:\/\/apps\/reelfy-videos\/blocks\/reelfy-stories\/4022ffb0-05c3-4ef3-a409-6df51f4b1b3f","settings":{"title":"","subtitle":"","heading_size":"1","heading_align":"center","heading_color":"","desc_style":"subtitle","desc_color":"","custom_class":"","maximum_width":0,"background_color":"","padding_top":36,"padding_bottom":36,"padding_left_right":0}}},"block_order":["reelfy_videos_reelfy_stories_WyYNLK"],"custom_css":[".reelfy-widget-container {text-align: center !important;}"],"settings":{"include_margins":true}},"slideshow_LERE3y":{"type":"slideshow","blocks":{"slide_FDqGEK":{"type":"slide","settings":{"image":"shopify:\/\/shop_images\/Ayonne_Carosel_banners_36.png","heading":"","heading_size":"h1","subheading":"","button_label":"","link":"","button_style_secondary":false,"box_align":"middle-center","show_text_box":false,"text_alignment":"center","image_overlay_opacity":0,"color_scheme":"","text_alignment_mobile":"center"}},"slide_YgBbrH":{"type":"slide","settings":{"image":"shopify:\/\/shop_images\/Ayonne_Carosel_banners_37.png","heading":"","heading_size":"h1","subheading":"","button_label":"","link":"","button_style_secondary":false,"box_align":"middle-center","show_text_box":false,"text_alignment":"center","image_overlay_opacity":0,"color_scheme":"scheme-1","text_alignment_mobile":"center"}},"slide_hmxBc4":{"type":"slide","settings":{"image":"shopify:\/\/shop_images\/Ayonne_Carosel_banners_25.png","heading":"","heading_size":"h1","subheading":"","button_label":"","link":"","button_style_secondary":false,"box_align":"middle-center","show_text_box":false,"text_alignment":"center","image_overlay_opacity":0,"color_scheme":"","text_alignment_mobile":"center"}}},"block_order":["slide_FDqGEK","slide_YgBbrH","slide_hmxBc4"],"settings":{"layout":"grid","slide_height":"medium","slider_visual":"dots","auto_rotate":true,"change_slides_speed":5,"image_behavior":"none","show_text_below":true,"accessibility_info":""}},"featured_product_cBFEtc":{"type":"featured-product","blocks":{"text_PCK9rX":{"type":"text","settings":{"text":"{{ section.settings.product.vendor }}","text_style":"uppercase"}},"title_wY4J3R":{"type":"title","settings":{"heading_size":"h2"}},"price_FcgHE8":{"type":"price","settings":{}},"variant_picker_XEnM8D":{"type":"variant_picker","settings":{"picker_type":"button","swatch_shape":"circle"}},"quantity_selector_bHKdaJ":{"type":"quantity_selector","settings":{}},"buy_buttons_WDgA8a":{"type":"buy_buttons","settings":{"show_dynamic_checkout":false,"show_gift_card_recipient":true}}},"block_order":["text_PCK9rX","title_wY4J3R","price_FcgHE8","variant_picker_XEnM8D","quantity_selector_bHKdaJ","buy_buttons_WDgA8a"],"custom_css":["\/* Change \"View full details\" text color *\/.product__view-details {color: #1c4444 !important; \/* Change to a visible color *\/}"],"settings":{"product":"hydration-serum-1","color_scheme":"","secondary_background":false,"media_size":"medium","constrain_to_viewport":true,"media_fit":"contain","media_position":"left","image_zoom":"lightbox","hide_variants":false,"enable_video_looping":false,"padding_top":36,"padding_bottom":36}},"featured_collection_8P4wNr":{"type":"featured-collection","settings":{"title":"Good Hydration Is Half Way To A Win!","heading_size":"h2","description":"","show_description":false,"description_style":"body","collection":"hydration-station-moisturizers","products_to_show":4,"columns_desktop":4,"full_width":false,"show_view_all":true,"view_all_style":"solid","enable_desktop_slider":false,"color_scheme":"","image_ratio":"adapt","image_shape":"default","show_secondary_image":false,"show_vendor":false,"show_rating":false,"quick_add":"none","columns_mobile":"2","swipe_on_mobile":false,"padding_top":36,"padding_bottom":36}},"slideshow_E8J4aB":{"type":"slideshow","blocks":{"slide_xapRBN":{"type":"slide","settings":{"image":"shopify:\/\/shop_images\/Ayonne_Carosel_banners_28.png","heading":"","heading_size":"h1","subheading":"","button_label":"","link":"","button_style_secondary":false,"box_align":"middle-center","show_text_box":false,"text_alignment":"center","image_overlay_opacity":0,"color_scheme":"","text_alignment_mobile":"center"}},"slide_fq3PbH":{"type":"slide","settings":{"image":"shopify:\/\/shop_images\/Ayonne_Carosel_banners_29.png","heading":"","heading_size":"h1","subheading":"","button_label":"","link":"","button_style_secondary":false,"box_align":"middle-center","show_text_box":false,"text_alignment":"center","image_overlay_opacity":0,"color_scheme":"","text_alignment_mobile":"center"}}},"block_order":["slide_xapRBN","slide_fq3PbH"],"settings":{"layout":"grid","slide_height":"medium","slider_visual":"dots","auto_rotate":true,"change_slides_speed":5,"image_behavior":"none","show_text_below":true,"accessibility_info":"Slideshow about our brand"}},"featured_product_Kkaymz":{"type":"featured-product","blocks":{"text_49iMMk":{"type":"text","settings":{"text":"{{ section.settings.product.vendor }}","text_style":"uppercase"}},"title_At4fFe":{"type":"title","settings":{"heading_size":"h2"}},"price_WGmPGG":{"type":"price","settings":{}},"variant_picker_pfL6bi":{"type":"variant_picker","settings":{"picker_type":"button","swatch_shape":"circle"}},"quantity_selector_3niGea":{"type":"quantity_selector","settings":{}},"buy_buttons_TCEUWe":{"type":"buy_buttons","settings":{"show_dynamic_checkout":false,"show_gift_card_recipient":true}}},"block_order":["text_49iMMk","title_At4fFe","price_WGmPGG","variant_picker_pfL6bi","quantity_selector_3niGea","buy_buttons_TCEUWe"],"custom_css":["\/* Change \"View full details\" text color *\/.product__view-details {color: #1c4444 !important; \/* Change to a visible color *\/}"],"settings":{"product":"100-beauty-tips-how-to-look-fabulous","color_scheme":"","secondary_background":false,"media_size":"medium","constrain_to_viewport":true,"media_fit":"contain","media_position":"left","image_zoom":"lightbox","hide_variants":false,"enable_video_looping":false,"padding_top":36,"padding_bottom":36}},"featured_collection_pK6Bam":{"type":"featured-collection","settings":{"title":"","heading_size":"h0","description":"","show_description":false,"description_style":"body","collection":"knowledge-is-beauty-ebooks","products_to_show":4,"columns_desktop":4,"full_width":false,"show_view_all":true,"view_all_style":"solid","enable_desktop_slider":false,"color_scheme":"","image_ratio":"adapt","image_shape":"default","show_secondary_image":false,"show_vendor":false,"show_rating":false,"quick_add":"none","columns_mobile":"2","swipe_on_mobile":false,"padding_top":36,"padding_bottom":36}},"17397884269c1f2ce1":{"type":"apps","settings":{"include_margins":true}},"slideshow_4KDXim":{"type":"slideshow","blocks":{"slide_NtLcdH":{"type":"slide","settings":{"image":"shopify:\/\/shop_images\/Ayonne_main_Carousel_15.png","heading":"","heading_size":"h1","subheading":"","button_label":"","link":"","button_style_secondary":false,"box_align":"middle-center","show_text_box":false,"text_alignment":"center","image_overlay_opacity":0,"color_scheme":"","text_alignment_mobile":"center"}},"slide_pqb6Ng":{"type":"slide","settings":{"image":"shopify:\/\/shop_images\/Ayonne_main_Carousel_14.png","heading":"","heading_size":"h1","subheading":"","button_label":"","link":"","button_style_secondary":false,"box_align":"middle-center","show_text_box":false,"text_alignment":"center","image_overlay_opacity":0,"color_scheme":"","text_alignment_mobile":"center"}}},"block_order":["slide_NtLcdH","slide_pqb6Ng"],"settings":{"layout":"grid","slide_height":"medium","slider_visual":"dots","auto_rotate":true,"change_slides_speed":5,"image_behavior":"none","show_text_below":true,"accessibility_info":"Slideshow about our brand"}},"featured_product_4haPwX":{"type":"featured-product","blocks":{"text_nyypNw":{"type":"text","settings":{"text":"{{ section.settings.product.vendor }}","text_style":"uppercase"}},"title_qcFddQ":{"type":"title","settings":{"heading_size":"h2"}},"price_MM69Hb":{"type":"price","settings":{}},"variant_picker_bDTtQt":{"type":"variant_picker","settings":{"picker_type":"button","swatch_shape":"circle"}},"quantity_selector_indKRF":{"type":"quantity_selector","settings":{}},"buy_buttons_CCfjma":{"type":"buy_buttons","settings":{"show_dynamic_checkout":false,"show_gift_card_recipient":true}}},"block_order":["text_nyypNw","title_qcFddQ","price_MM69Hb","variant_picker_bDTtQt","quantity_selector_indKRF","buy_buttons_CCfjma"],"custom_css":["\/* Change \"View full details\" text color *\/.product__view-details {color: #1c4444 !important; \/* Change to a visible color *\/}"],"settings":{"product":"natural-soap-charcoal","color_scheme":"","secondary_background":false,"media_size":"medium","constrain_to_viewport":true,"media_fit":"contain","media_position":"left","image_zoom":"lightbox","hide_variants":false,"enable_video_looping":false,"padding_top":36,"padding_bottom":36}},"featured_collection_34FHPa":{"type":"featured-collection","settings":{"title":"","heading_size":"h1","description":"","show_description":false,"description_style":"body","collection":"squeaky-clean-soaps-cleansers","products_to_show":4,"columns_desktop":4,"full_width":false,"show_view_all":true,"view_all_style":"solid","enable_desktop_slider":false,"color_scheme":"","image_ratio":"adapt","image_shape":"default","show_secondary_image":false,"show_vendor":false,"show_rating":false,"quick_add":"none","columns_mobile":"2","swipe_on_mobile":false,"padding_top":36,"padding_bottom":36}},"slideshow_xRWU88":{"type":"slideshow","blocks":{"slide_LHN483":{"type":"slide","settings":{"image":"shopify:\/\/shop_images\/Ayonne_Carosel_banners_41.png","heading":"","heading_size":"h1","subheading":"","button_label":"","link":"","button_style_secondary":false,"box_align":"top-center","show_text_box":false,"text_alignment":"center","image_overlay_opacity":0,"color_scheme":"","text_alignment_mobile":"center"}}},"block_order":["slide_LHN483"],"settings":{"layout":"grid","slide_height":"medium","slider_visual":"dots","auto_rotate":false,"change_slides_speed":5,"image_behavior":"none","show_text_below":true,"accessibility_info":"Slideshow about our brand"}},"featured_product_YdWTgX":{"type":"featured-product","blocks":{"text_LqENDb":{"type":"text","settings":{"text":"{{ section.settings.product.vendor }}","text_style":"uppercase"}},"title_ktVQwY":{"type":"title","settings":{"heading_size":"h2"}},"price_a8Gm8z":{"type":"price","settings":{}},"variant_picker_gPHmn7":{"type":"variant_picker","settings":{"picker_type":"button","swatch_shape":"circle"}},"quantity_selector_r6HBTj":{"type":"quantity_selector","settings":{}},"buy_buttons_XwftFi":{"type":"buy_buttons","settings":{"show_dynamic_checkout":false,"show_gift_card_recipient":true}}},"block_order":["text_LqENDb","title_ktVQwY","price_a8Gm8z","variant_picker_gPHmn7","quantity_selector_r6HBTj","buy_buttons_XwftFi"],"custom_css":["\/* Change \"View full details\" text color *\/.product__view-details {color: #1c4444 !important; \/* Change to a visible color *\/}"],"settings":{"product":"biohackers-skin-longevity-bundle","color_scheme":"","secondary_background":false,"media_size":"medium","constrain_to_viewport":true,"media_fit":"contain","media_position":"left","image_zoom":"lightbox","hide_variants":false,"enable_video_looping":false,"padding_top":36,"padding_bottom":36}},"featured_collection_de3Hp6":{"type":"featured-collection","settings":{"title":"","heading_size":"h1","description":"","show_description":false,"description_style":"body","collection":"biohacking-bundle-deals","products_to_show":4,"columns_desktop":4,"full_width":false,"show_view_all":true,"view_all_style":"solid","enable_desktop_slider":false,"color_scheme":"","image_ratio":"adapt","image_shape":"default","show_secondary_image":false,"show_vendor":false,"show_rating":false,"quick_add":"none","columns_mobile":"2","swipe_on_mobile":false,"padding_top":36,"padding_bottom":36}},"featured_blog_acBUAC":{"type":"featured-blog","settings":{"heading":"Must Reads","heading_size":"h2","blog":"news","post_limit":3,"columns_desktop":3,"color_scheme":"","show_image":true,"show_date":true,"show_author":false,"show_view_all":true,"padding_top":36,"padding_bottom":36}}},"order":["1739790744159d46d6","slideshow_NBTjr6","rich_text_x4HfdM","slideshow_nBcH7C","featured_collection","featured_product_AXdaXh","1744957282b45505a2","1739800243c43ed4da","slideshow_LERE3y","featured_collection_8P4wNr","featured_product_cBFEtc","slideshow_E8J4aB","featured_collection_pK6Bam","featured_product_Kkaymz","17397884269c1f2ce1","slideshow_4KDXim","featured_collection_34FHPa","featured_product_4haPwX","slideshow_xRWU88","featured_collection_de3Hp6","featured_product_YdWTgX","featured_blog_acBUAC"]}