{"sections":{"main":{"type":"main-product","blocks":{"vendor":{"type":"text","settings":{"text":"","text_style":"uppercase"}},"title":{"type":"title","settings":{}},"price":{"type":"price","settings":{}},"variant_picker":{"type":"variant_picker","disabled":true,"settings":{"picker_type":"button","swatch_shape":"circle"}},"quantity_selector":{"type":"quantity_selector","settings":{}},"buy_buttons":{"type":"buy_buttons","settings":{"show_dynamic_checkout":false,"show_gift_card_recipient":true}},"description":{"type":"description","settings":{}},"share":{"type":"share","disabled":true,"settings":{"share_label":"Share"}},"judge_me_reviews_review_snippet_widget_jQ8DE8":{"type":"shopify:\/\/apps\/judge-me-reviews\/blocks\/review_snippet_widget\/61ccd3b1-a9f2-4160-9fe9-4fec8413e5d8","settings":{}}},"block_order":["vendor","title","price","variant_picker","quantity_selector","buy_buttons","description","share","judge_me_reviews_review_snippet_widget_jQ8DE8"],"settings":{"enable_sticky_info":true,"color_scheme":"scheme-1","media_size":"small","constrain_to_viewport":true,"media_fit":"contain","gallery_layout":"stacked","media_position":"left","image_zoom":"lightbox","mobile_thumbnails":"hide","hide_variants":true,"enable_video_looping":false,"padding_top":36,"padding_bottom":12}},"related-products":{"type":"related-products","custom_css":["h2{font-size:24px;font-weight:500;text-align:center;letter-spacing:.6px;color:#1c4444;margin-bottom:2rem}",".card__heading{font-size:14px;font-weight:400;letter-spacing:.4px;color:#333;text-align:center}",".price-item{font-size:14px;color:#1c4444;text-align:center;font-weight:500}",".card--standard{border:1px solid #f0f0f0;border-radius:8px;transition:transform .3s}",".card--standard:hover{transform:scale(1.03);box-shadow:0 8px 20px rgba(0,0,0,.06)}"],"settings":{"heading":"You may also like","heading_size":"h2","products_to_show":4,"columns_desktop":4,"color_scheme":"scheme-1","image_ratio":"square","image_shape":"default","show_secondary_image":true,"show_vendor":false,"show_rating":false,"columns_mobile":"2","padding_top":36,"padding_bottom":28}}},"order":["main","related-products"]}