{"name":"t:sections.footer.name","type":"footer","sections":{"footer":{"type":"footer","blocks":{"brand_information_aXVAwV":{"type":"brand_information","settings":{"show_social":true}}},"block_order":["brand_information_aXVAwV"],"custom_css":["h2{font-size:24px;font-weight:500;text-align:center;color:#1c4444;margin-bottom:2rem}",".price-item{font-size:14px;color:#1c4444;text-align:center;font-weight:500}",".card--standard{border:1px solid #eee;border-radius:8px;transition:transform .3s ease}",".card--standard:hover{transform:scale(1.02);box-shadow:0 4px 20px rgba(0,0,0,.08)}",".footer__content{text-align:center}",".product__description p{font-size:14px;line-height:1.6;color:#444}"],"settings":{"color_scheme":"scheme-1","newsletter_enable":true,"newsletter_heading":"Subscribe to our emails","enable_follow_on_shop":true,"show_social":true,"enable_country_selector":true,"enable_language_selector":true,"payment_enable":true,"show_policy":true,"margin_top":0,"padding_top":36,"padding_bottom":36}}},"order":["footer"]}