{"name":"t:sections.header.name","type":"header","sections":{"announcement-bar":{"type":"announcement-bar","blocks":{"announcement-bar-0":{"type":"announcement","settings":{"text":"Welcome to our store","link":""}}},"block_order":["announcement-bar-0"],"disabled":true,"settings":{"color_scheme":"scheme-1","show_line_separator":true,"show_social":false,"auto_rotate":false,"change_slides_speed":5,"enable_country_selector":false,"enable_language_selector":false}},"header":{"type":"header","custom_css":["\/* Header Title (store name or logo area) *\/.header__heading-link .h2 {font-size: 24px; font-weight: 500; letter-spacing: 0.3px; color: #1c4444;}"," \/* Navigation links (menu items) *\/.header__menu-item {font-size: 14px; font-weight: 400; letter-spacing: 0.6px; color: #1c4444; text-transform: uppercase; transition: color 0.3s ease;}",".header__menu-item:hover {color: #000000; text-decoration: underline; text-underline-offset: 3px;}"],"settings":{"logo_position":"top-center","menu":"main-menu","menu_type_desktop":"dropdown","sticky_header_type":"reduce-logo-size","show_line_separator":true,"color_scheme":"scheme-1","menu_color_scheme":"scheme-1","enable_country_selector":false,"enable_language_selector":false,"enable_customer_avatar":true,"mobile_logo_position":"center","margin_bottom":0,"padding_top":20,"padding_bottom":20}}},"order":["announcement-bar","header"]}